{"frames":{"fx-blood01":{"frame":{"x":663,"y":1716,"w":56,"h":60},"rotated":true,"trimmed":true,"spriteSourceSize":{"x":8,"y":7,"w":56,"h":60},"sourceSize":{"w":70,"h":72},"pivot":{"x":0.5,"y":0.5}},"fx-blood02":{"frame":{"x":932,"y":384,"w":90,"h":89},"rotated":false,"trimmed":false,"spriteSourceSize":{"x":0,"y":0,"w":90,"h":89},"sourceSize":{"w":90,"h":89},"pivot":{"x":0.5,"y":0.5}},"fx-blood03":{"frame":{"x":288,"y":1289,"w":165,"h":161},"rotated":false,"trimmed":true,"spriteSourceSize":{"x":18,"y":23,"w":165,"h":161},"sourceSize":{"w":200,"h":211},"pivot":{"x":0.5,"y":0.5}},"fx-blood04":{"frame":{"x":791,"y":1143,"w":143,"h":128},"rotated":true,"trimmed":true,"spriteSourceSize":{"x":19,"y":11,"w":143,"h":128},"sourceSize":{"w":170,"h":161},"pivot":{"x":0.5,"y":0.5}},"fx-blood05":{"frame":{"x":232,"y":982,"w":125,"h":54},"rotated":true,"trimmed":true,"spriteSourceSize":{"x":10,"y":33,"w":125,"h":54},"sourceSize":{"w":143,"h":141},"pivot":{"x":0.5,"y":0.5}},"fx-blood06":{"frame":{"x":621,"y":1479,"w":24,"h":21},"rotated":false,"trimmed":false,"spriteSourceSize":{"x":0,"y":0,"w":24,"h":21},"sourceSize":{"w":24,"h":21},"pivot":{"x":0.5,"y":0.5}},"fx-blood07":{"frame":{"x":289,"y":868,"w":169,"h":61},"rotated":true,"trimmed":true,"spriteSourceSize":{"x":5,"y":55,"w":169,"h":61},"sourceSize":{"w":178,"h":171},"pivot":{"x":0.5,"y":0.5}},"fx-blood08":{"frame":{"x":829,"y":750,"w":162,"h":97},"rotated":true,"trimmed":true,"spriteSourceSize":{"x":6,"y":24,"w":162,"h":97},"sourceSize":{"w":168,"h":168},"pivot":{"x":0.5,"y":0.5}},"fx-blood09":{"frame":{"x":848,"y":505,"w":242,"h":80},"rotated":true,"trimmed":true,"spriteSourceSize":{"x":0,"y":86,"w":242,"h":80},"sourceSize":{"w":247,"h":243},"pivot":{"x":0.5,"y":0.5}},"fx-blood10":{"frame":{"x":288,"y":1453,"w":141,"h":83},"rotated":false,"trimmed":true,"spriteSourceSize":{"x":9,"y":46,"w":141,"h":83},"sourceSize":{"w":160,"h":163},"pivot":{"x":0.5,"y":0.5}},"fx-blood11":{"frame":{"x":288,"y":1539,"w":136,"h":46},"rotated":false,"trimmed":true,"spriteSourceSize":{"x":0,"y":17,"w":136,"h":46},"sourceSize":{"w":138,"h":78},"pivot":{"x":0.5,"y":0.5}},"fx-cloud01":{"frame":{"x":791,"y":915,"w":143,"h":135},"rotated":true,"trimmed":false,"spriteSourceSize":{"x":0,"y":0,"w":143,"h":135},"sourceSize":{"w":143,"h":135},"pivot":{"x":0.5,"y":0.5}},"fx-cloud02":{"frame":{"x":353,"y":540,"w":131,"h":123},"rotated":true,"trimmed":false,"spriteSourceSize":{"x":0,"y":0,"w":131,"h":123},"sourceSize":{"w":131,"h":123},"pivot":{"x":0.5,"y":0.5}},"fx-cloud03":{"frame":{"x":289,"y":1122,"w":186,"h":164},"rotated":false,"trimmed":true,"spriteSourceSize":{"x":1,"y":0,"w":186,"h":164},"sourceSize":{"w":187,"h":164},"pivot":{"x":0.5,"y":0.5}},"fx-cloud04":{"frame":{"x":929,"y":851,"w":188,"h":92},"rotated":true,"trimmed":false,"spriteSourceSize":{"x":0,"y":0,"w":188,"h":92},"sourceSize":{"w":188,"h":92},"pivot":{"x":0.5,"y":0.5}},"fx-cloud05":{"frame":{"x":2,"y":1895,"w":106,"h":112},"rotated":false,"trimmed":false,"spriteSourceSize":{"x":0,"y":0,"w":106,"h":112},"sourceSize":{"w":106,"h":112},"pivot":{"x":0.5,"y":0.5}},"fx-cloud06":{"frame":{"x":848,"y":403,"w":99,"h":81},"rotated":true,"trimmed":true,"spriteSourceSize":{"x":0,"y":0,"w":99,"h":81},"sourceSize":{"w":102,"h":81},"pivot":{"x":0.5,"y":0.5}},"fx-cloud07":{"frame":{"x":479,"y":806,"w":309,"h":188},"rotated":false,"trimmed":true,"spriteSourceSize":{"x":8,"y":7,"w":309,"h":188},"sourceSize":{"w":317,"h":195},"pivot":{"x":0.5,"y":0.5}},"fx-cloud08":{"frame":{"x":479,"y":551,"w":347,"h":252},"rotated":false,"trimmed":false,"spriteSourceSize":{"x":0,"y":0,"w":347,"h":252},"sourceSize":{"w":347,"h":252},"pivot":{"x":0.5,"y":0.5}},"fx-coin01":{"frame":{"x":621,"y":1420,"w":28,"h":30},"rotated":true,"trimmed":false,"spriteSourceSize":{"x":0,"y":0,"w":28,"h":30},"sourceSize":{"w":28,"h":30},"pivot":{"x":0.5,"y":0.5}},"fx-debris01":{"frame":{"x":621,"y":1451,"w":25,"h":27},"rotated":true,"trimmed":false,"spriteSourceSize":{"x":0,"y":0,"w":25,"h":27},"sourceSize":{"w":25,"h":27},"pivot":{"x":0.5,"y":0.5}},"fx-debris02":{"frame":{"x":456,"y":1289,"w":19,"h":12},"rotated":false,"trimmed":false,"spriteSourceSize":{"x":0,"y":0,"w":19,"h":12},"sourceSize":{"w":19,"h":12},"pivot":{"x":0.5,"y":0.5}},"fx-debris03":{"frame":{"x":373,"y":519,"w":21,"h":16},"rotated":false,"trimmed":false,"spriteSourceSize":{"x":0,"y":0,"w":21,"h":16},"sourceSize":{"w":21,"h":16},"pivot":{"x":0.5,"y":0.5}},"fx-debris04":{"frame":{"x":154,"y":1326,"w":14,"h":14},"rotated":false,"trimmed":false,"spriteSourceSize":{"x":0,"y":0,"w":14,"h":14},"sourceSize":{"w":14,"h":14},"pivot":{"x":0.5,"y":0.5}},"fx-debris05":{"frame":{"x":829,"y":569,"w":19,"h":15},"rotated":true,"trimmed":false,"spriteSourceSize":{"x":0,"y":0,"w":19,"h":15},"sourceSize":{"w":19,"h":15},"pivot":{"x":0.5,"y":0.5}},"fx-debris06":{"frame":{"x":353,"y":519,"w":18,"h":17},"rotated":true,"trimmed":false,"spriteSourceSize":{"x":0,"y":0,"w":18,"h":17},"sourceSize":{"w":18,"h":17},"pivot":{"x":0.5,"y":0.5}},"fx-debris07":{"frame":{"x":829,"y":736,"w":14,"h":11},"rotated":false,"trimmed":false,"spriteSourceSize":{"x":0,"y":0,"w":14,"h":11},"sourceSize":{"w":14,"h":11},"pivot":{"x":0.5,"y":0.5}},"fx-debris08":{"frame":{"x":829,"y":551,"w":15,"h":16},"rotated":true,"trimmed":false,"spriteSourceSize":{"x":0,"y":0,"w":15,"h":16},"sourceSize":{"w":15,"h":16},"pivot":{"x":0.5,"y":0.5}},"fx-dot":{"frame":{"x":238,"y":1814,"w":49,"h":49},"rotated":false,"trimmed":true,"spriteSourceSize":{"x":1,"y":1,"w":49,"h":49},"sourceSize":{"w":51,"h":51},"pivot":{"x":0.5,"y":0.5}},"fx-drop01":{"frame":{"x":456,"y":1304,"w":51,"h":18},"rotated":true,"trimmed":true,"spriteSourceSize":{"x":1,"y":0,"w":51,"h":18},"sourceSize":{"w":52,"h":18},"pivot":{"x":0.5,"y":0.5}},"fx-drop02":{"frame":{"x":456,"y":1358,"w":91,"h":17},"rotated":true,"trimmed":true,"spriteSourceSize":{"x":3,"y":0,"w":91,"h":17},"sourceSize":{"w":94,"h":17},"pivot":{"x":0.5,"y":0.5}},"fx-flame01":{"frame":{"x":2,"y":982,"w":227,"h":71},"rotated":false,"trimmed":true,"spriteSourceSize":{"x":0,"y":0,"w":227,"h":71},"sourceSize":{"w":228,"h":72},"pivot":{"x":0.5,"y":0.5}},"fx-flame02":{"frame":{"x":289,"y":1040,"w":187,"h":79},"rotated":false,"trimmed":false,"spriteSourceSize":{"x":0,"y":0,"w":187,"h":79},"sourceSize":{"w":187,"h":79},"pivot":{"x":0.5,"y":0.5}},"fx-flame03":{"frame":{"x":474,"y":1502,"w":138,"h":77},"rotated":false,"trimmed":true,"spriteSourceSize":{"x":0,"y":0,"w":138,"h":77},"sourceSize":{"w":138,"h":80},"pivot":{"x":0.5,"y":0.5}},"fx-light01":{"frame":{"x":2,"y":519,"w":348,"h":346},"rotated":false,"trimmed":true,"spriteSourceSize":{"x":13,"y":15,"w":348,"h":346},"sourceSize":{"w":376,"h":376},"pivot":{"x":0.5,"y":0.5}},"fx-light02":{"frame":{"x":829,"y":591,"w":142,"h":14},"rotated":true,"trimmed":true,"spriteSourceSize":{"x":5,"y":73,"w":142,"h":14},"sourceSize":{"w":152,"h":152},"pivot":{"x":0.5,"y":0.5}},"fx-light03":{"frame":{"x":791,"y":1061,"w":133,"h":79},"rotated":false,"trimmed":false,"spriteSourceSize":{"x":0,"y":0,"w":133,"h":79},"sourceSize":{"w":133,"h":79},"pivot":{"x":0.5,"y":0.5}},"fx-light04":{"frame":{"x":932,"y":2,"w":90,"h":175},"rotated":false,"trimmed":true,"spriteSourceSize":{"x":0,"y":1,"w":90,"h":175},"sourceSize":{"w":91,"h":177},"pivot":{"x":0.5,"y":0.5}},"fx-light05":{"frame":{"x":479,"y":997,"w":220,"h":127},"rotated":false,"trimmed":true,"spriteSourceSize":{"x":0,"y":1,"w":220,"h":127},"sourceSize":{"w":220,"h":128},"pivot":{"x":0.5,"y":0.5}},"fx-light06":{"frame":{"x":478,"y":1127,"w":182,"h":119},"rotated":false,"trimmed":true,"spriteSourceSize":{"x":28,"y":63,"w":182,"h":119},"sourceSize":{"w":228,"h":229},"pivot":{"x":0.5,"y":0.5}},"fx-light07":{"frame":{"x":479,"y":403,"w":366,"h":145},"rotated":false,"trimmed":true,"spriteSourceSize":{"x":0,"y":105,"w":366,"h":145},"sourceSize":{"w":373,"h":336},"pivot":{"x":0.5,"y":0.5}},"fx-light08":{"frame":{"x":2,"y":1164,"w":159,"h":168},"rotated":true,"trimmed":false,"spriteSourceSize":{"x":0,"y":0,"w":159,"h":168},"sourceSize":{"w":159,"h":168},"pivot":{"x":0.5,"y":0.5}},"fx-light09":{"frame":{"x":478,"y":1249,"w":168,"h":178},"rotated":true,"trimmed":false,"spriteSourceSize":{"x":0,"y":0,"w":168,"h":178},"sourceSize":{"w":168,"h":178},"pivot":{"x":0.5,"y":0.5}},"fx-light10":{"frame":{"x":2,"y":868,"w":284,"h":111},"rotated":false,"trimmed":true,"spriteSourceSize":{"x":0,"y":0,"w":284,"h":111},"sourceSize":{"w":284,"h":143},"pivot":{"x":0.5,"y":0.5}},"fx-lightning01":{"frame":{"x":2,"y":2,"w":474,"h":262},"rotated":false,"trimmed":true,"spriteSourceSize":{"x":0,"y":14,"w":474,"h":262},"sourceSize":{"w":486,"h":276},"pivot":{"x":0.5,"y":0.5}},"fx-lightning02":{"frame":{"x":2,"y":267,"w":395,"h":249},"rotated":false,"trimmed":true,"spriteSourceSize":{"x":0,"y":0,"w":395,"h":249},"sourceSize":{"w":410,"h":264},"pivot":{"x":0.5,"y":0.5}},"fx-lightning03":{"frame":{"x":479,"y":2,"w":450,"h":398},"rotated":false,"trimmed":true,"spriteSourceSize":{"x":3,"y":17,"w":450,"h":398},"sourceSize":{"w":453,"h":415},"pivot":{"x":0.5,"y":0.5}},"fx-rain01":{"frame":{"x":400,"y":419,"w":76,"h":23},"rotated":false,"trimmed":true,"spriteSourceSize":{"x":13,"y":1,"w":76,"h":23},"sourceSize":{"w":90,"h":24},"pivot":{"x":0.5,"y":0.5}},"fx-ripple":{"frame":{"x":929,"y":1042,"w":92,"h":96},"rotated":false,"trimmed":false,"spriteSourceSize":{"x":0,"y":0,"w":92,"h":96},"sourceSize":{"w":92,"h":96},"pivot":{"x":0.5,"y":0.5}},"fx-ripple02":{"frame":{"x":647,"y":1850,"w":103,"h":108},"rotated":false,"trimmed":true,"spriteSourceSize":{"x":0,"y":0,"w":103,"h":108},"sourceSize":{"w":104,"h":108},"pivot":{"x":0.5,"y":0.5}},"fx-shield01":{"frame":{"x":2,"y":1408,"w":145,"h":145},"rotated":false,"trimmed":false,"spriteSourceSize":{"x":0,"y":0,"w":145,"h":145},"sourceSize":{"w":145,"h":145},"pivot":{"x":0.5,"y":0.5}},"fx-shield02":{"frame":{"x":400,"y":267,"w":76,"h":149},"rotated":false,"trimmed":true,"spriteSourceSize":{"x":2,"y":0,"w":76,"h":149},"sourceSize":{"w":78,"h":149},"pivot":{"x":0.5,"y":0.5}},"fx-spark01":{"frame":{"x":614,"y":1966,"w":58,"h":60},"rotated":false,"trimmed":true,"spriteSourceSize":{"x":20,"y":14,"w":58,"h":60},"sourceSize":{"w":99,"h":84},"pivot":{"x":0.5,"y":0.5}},"fx-spark02":{"frame":{"x":230,"y":1110,"w":63,"h":56},"rotated":true,"trimmed":false,"spriteSourceSize":{"x":0,"y":0,"w":63,"h":56},"sourceSize":{"w":63,"h":56},"pivot":{"x":0.5,"y":0.5}},"fx-spark03":{"frame":{"x":432,"y":1453,"w":73,"h":39},"rotated":true,"trimmed":true,"spriteSourceSize":{"x":0,"y":0,"w":73,"h":39},"sourceSize":{"w":73,"h":40},"pivot":{"x":0.5,"y":0.5}},"fx-spark04":{"frame":{"x":173,"y":1164,"w":21,"h":6},"rotated":false,"trimmed":false,"spriteSourceSize":{"x":0,"y":0,"w":21,"h":6},"sourceSize":{"w":21,"h":6},"pivot":{"x":0.5,"y":0.5}},"fx-star":{"frame":{"x":219,"y":1982,"w":64,"h":65},"rotated":true,"trimmed":true,"spriteSourceSize":{"x":3,"y":3,"w":64,"h":65},"sourceSize":{"w":70,"h":71},"pivot":{"x":0.5,"y":0.5}},"fx-stone01":{"frame":{"x":150,"y":1408,"w":20,"h":23},"rotated":false,"trimmed":false,"spriteSourceSize":{"x":0,"y":0,"w":20,"h":23},"sourceSize":{"w":20,"h":23},"pivot":{"x":0.5,"y":0.5}},"fx-stone02":{"frame":{"x":791,"y":838,"w":31,"h":34},"rotated":true,"trimmed":true,"spriteSourceSize":{"x":0,"y":1,"w":31,"h":34},"sourceSize":{"w":32,"h":37},"pivot":{"x":0.5,"y":0.5}},"fx-stone03":{"frame":{"x":791,"y":872,"w":31,"h":38},"rotated":false,"trimmed":true,"spriteSourceSize":{"x":4,"y":3,"w":31,"h":38},"sourceSize":{"w":43,"h":43},"pivot":{"x":0.5,"y":0.5}},"fx-stone04":{"frame":{"x":290,"y":1814,"w":42,"h":43},"rotated":false,"trimmed":true,"spriteSourceSize":{"x":1,"y":3,"w":42,"h":43},"sourceSize":{"w":52,"h":52},"pivot":{"x":0.5,"y":0.5}},"fx-stone05":{"frame":{"x":791,"y":806,"w":35,"h":29},"rotated":false,"trimmed":true,"spriteSourceSize":{"x":2,"y":4,"w":35,"h":29},"sourceSize":{"w":40,"h":37},"pivot":{"x":0.5,"y":0.5}},"fx-stone06":{"frame":{"x":663,"y":1127,"w":46,"h":30},"rotated":true,"trimmed":true,"spriteSourceSize":{"x":2,"y":7,"w":46,"h":30},"sourceSize":{"w":51,"h":43},"pivot":{"x":0.5,"y":0.5}},"fx-wave01":{"frame":{"x":2,"y":1056,"w":105,"h":225},"rotated":true,"trimmed":true,"spriteSourceSize":{"x":2,"y":1,"w":105,"h":225},"sourceSize":{"w":107,"h":230},"pivot":{"x":0.5,"y":0.5}},"mc_fx-explo-sparky_001":{"frame":{"x":615,"y":1503,"w":22,"h":22},"rotated":false,"trimmed":true,"spriteSourceSize":{"x":51,"y":35,"w":22,"h":22},"sourceSize":{"w":128,"h":96},"pivot":{"x":0.5,"y":0.5}},"mc_fx-explo-sparky_002":{"frame":{"x":855,"y":1958,"w":87,"h":87},"rotated":false,"trimmed":true,"spriteSourceSize":{"x":19,"y":3,"w":87,"h":87},"sourceSize":{"w":128,"h":96},"pivot":{"x":0.5,"y":0.5}},"mc_fx-explo-sparky_003":{"frame":{"x":675,"y":1961,"w":83,"h":85},"rotated":false,"trimmed":true,"spriteSourceSize":{"x":20,"y":2,"w":83,"h":85},"sourceSize":{"w":128,"h":96},"pivot":{"x":0.5,"y":0.5}},"mc_fx-explo-sparky_004":{"frame":{"x":694,"y":1628,"w":85,"h":84},"rotated":true,"trimmed":true,"spriteSourceSize":{"x":19,"y":3,"w":85,"h":84},"sourceSize":{"w":128,"h":96},"pivot":{"x":0.5,"y":0.5}},"mc_fx-explo-sparky_005":{"frame":{"x":932,"y":476,"w":89,"h":89},"rotated":false,"trimmed":true,"spriteSourceSize":{"x":17,"y":1,"w":89,"h":89},"sourceSize":{"w":128,"h":96},"pivot":{"x":0.5,"y":0.5}},"mc_fx-explo-sparky_006":{"frame":{"x":702,"y":1091,"w":86,"h":85},"rotated":false,"trimmed":true,"spriteSourceSize":{"x":17,"y":2,"w":86,"h":85},"sourceSize":{"w":128,"h":96},"pivot":{"x":0.5,"y":0.5}},"mc_fx-explo-sparky_007":{"frame":{"x":702,"y":997,"w":86,"h":91},"rotated":false,"trimmed":true,"spriteSourceSize":{"x":15,"y":0,"w":86,"h":91},"sourceSize":{"w":128,"h":96},"pivot":{"x":0.5,"y":0.5}},"mc_fx-explo-sparky_008":{"frame":{"x":927,"y":1141,"w":83,"h":95},"rotated":true,"trimmed":true,"spriteSourceSize":{"x":14,"y":0,"w":83,"h":95},"sourceSize":{"w":128,"h":96},"pivot":{"x":0.5,"y":0.5}},"mc_fx-explo-sparky_009":{"frame":{"x":550,"y":1777,"w":71,"h":92},"rotated":true,"trimmed":true,"spriteSourceSize":{"x":29,"y":4,"w":71,"h":92},"sourceSize":{"w":128,"h":96},"pivot":{"x":0.5,"y":0.5}},"mc_fx-explo-sparky_010":{"frame":{"x":400,"y":445,"w":73,"h":92},"rotated":false,"trimmed":true,"spriteSourceSize":{"x":29,"y":4,"w":73,"h":92},"sourceSize":{"w":128,"h":96},"pivot":{"x":0.5,"y":0.5}},"mc_fx-explo-sparky_011":{"frame":{"x":363,"y":1972,"w":73,"h":92},"rotated":true,"trimmed":true,"spriteSourceSize":{"x":29,"y":4,"w":73,"h":92},"sourceSize":{"w":128,"h":96},"pivot":{"x":0.5,"y":0.5}},"mc_fx-explo-sparky_012":{"frame":{"x":458,"y":1970,"w":73,"h":92},"rotated":true,"trimmed":true,"spriteSourceSize":{"x":29,"y":4,"w":73,"h":92},"sourceSize":{"w":128,"h":96},"pivot":{"x":0.5,"y":0.5}},"mc_fx-explo-sparky_013":{"frame":{"x":455,"y":1778,"w":73,"h":92},"rotated":true,"trimmed":true,"spriteSourceSize":{"x":29,"y":4,"w":73,"h":92},"sourceSize":{"w":128,"h":96},"pivot":{"x":0.5,"y":0.5}},"mc_fx-explo-sparky_014":{"frame":{"x":473,"y":1702,"w":72,"h":92},"rotated":true,"trimmed":true,"spriteSourceSize":{"x":30,"y":4,"w":72,"h":92},"sourceSize":{"w":128,"h":96},"pivot":{"x":0.5,"y":0.5}},"mc_fx-explo-sparky_015":{"frame":{"x":568,"y":1702,"w":71,"h":92},"rotated":true,"trimmed":true,"spriteSourceSize":{"x":30,"y":4,"w":71,"h":92},"sourceSize":{"w":128,"h":96},"pivot":{"x":0.5,"y":0.5}},"mc_fx-explo-sparky_016":{"frame":{"x":599,"y":1628,"w":71,"h":92},"rotated":true,"trimmed":true,"spriteSourceSize":{"x":30,"y":4,"w":71,"h":92},"sourceSize":{"w":128,"h":96},"pivot":{"x":0.5,"y":0.5}},"mc_fx-explo-sparky_017":{"frame":{"x":401,"y":1683,"w":69,"h":92},"rotated":false,"trimmed":true,"spriteSourceSize":{"x":32,"y":4,"w":69,"h":92},"sourceSize":{"w":128,"h":96},"pivot":{"x":0.5,"y":0.5}},"mc_fx-explo-sparky_018":{"frame":{"x":401,"y":1589,"w":70,"h":91},"rotated":false,"trimmed":true,"spriteSourceSize":{"x":31,"y":5,"w":70,"h":91},"sourceSize":{"w":128,"h":96},"pivot":{"x":0.5,"y":0.5}},"mc_fx-explo-sparky_019":{"frame":{"x":645,"y":1776,"w":71,"h":92},"rotated":true,"trimmed":true,"spriteSourceSize":{"x":31,"y":4,"w":71,"h":92},"sourceSize":{"w":128,"h":96},"pivot":{"x":0.5,"y":0.5}},"mc_fx-explo-sparky_020":{"frame":{"x":929,"y":779,"w":69,"h":93},"rotated":true,"trimmed":true,"spriteSourceSize":{"x":32,"y":3,"w":69,"h":93},"sourceSize":{"w":128,"h":96},"pivot":{"x":0.5,"y":0.5}},"mc_fx-explo2_001":{"frame":{"x":427,"y":1539,"w":44,"h":47},"rotated":false,"trimmed":true,"spriteSourceSize":{"x":42,"y":42,"w":44,"h":47},"sourceSize":{"w":128,"h":128},"pivot":{"x":0.5,"y":0.5}},"mc_fx-explo2_002":{"frame":{"x":553,"y":1966,"w":61,"h":58},"rotated":true,"trimmed":true,"spriteSourceSize":{"x":27,"y":37,"w":61,"h":58},"sourceSize":{"w":128,"h":128},"pivot":{"x":0.5,"y":0.5}},"mc_fx-explo2_003":{"frame":{"x":369,"y":1778,"w":83,"h":77},"rotated":false,"trimmed":true,"spriteSourceSize":{"x":15,"y":29,"w":83,"h":77},"sourceSize":{"w":128,"h":128},"pivot":{"x":0.5,"y":0.5}},"mc_fx-explo2_004":{"frame":{"x":931,"y":677,"w":99,"h":91},"rotated":true,"trimmed":true,"spriteSourceSize":{"x":10,"y":20,"w":99,"h":91},"sourceSize":{"w":128,"h":128},"pivot":{"x":0.5,"y":0.5}},"mc_fx-explo2_005":{"frame":{"x":921,"y":1332,"w":105,"h":101},"rotated":true,"trimmed":true,"spriteSourceSize":{"x":7,"y":17,"w":105,"h":101},"sourceSize":{"w":128,"h":128},"pivot":{"x":0.5,"y":0.5}},"mc_fx-explo2_006":{"frame":{"x":111,"y":1895,"w":109,"h":105},"rotated":true,"trimmed":true,"spriteSourceSize":{"x":3,"y":16,"w":109,"h":105},"sourceSize":{"w":128,"h":128},"pivot":{"x":0.5,"y":0.5}},"mc_fx-explo2_007":{"frame":{"x":250,"y":1706,"w":116,"h":105},"rotated":false,"trimmed":true,"spriteSourceSize":{"x":0,"y":16,"w":116,"h":105},"sourceSize":{"w":128,"h":128},"pivot":{"x":0.5,"y":0.5}},"mc_fx-explo2_008":{"frame":{"x":2,"y":1670,"w":118,"h":110},"rotated":false,"trimmed":true,"spriteSourceSize":{"x":1,"y":14,"w":118,"h":110},"sourceSize":{"w":128,"h":128},"pivot":{"x":0.5,"y":0.5}},"mc_fx-explo2_009":{"frame":{"x":277,"y":1588,"w":121,"h":115},"rotated":false,"trimmed":true,"spriteSourceSize":{"x":0,"y":11,"w":121,"h":115},"sourceSize":{"w":128,"h":128},"pivot":{"x":0.5,"y":0.5}},"mc_fx-explo2_010":{"frame":{"x":654,"y":1421,"w":124,"h":119},"rotated":false,"trimmed":true,"spriteSourceSize":{"x":0,"y":9,"w":124,"h":119},"sourceSize":{"w":128,"h":128},"pivot":{"x":0.5,"y":0.5}},"mc_fx-explo2_011":{"frame":{"x":659,"y":1297,"w":126,"h":121},"rotated":false,"trimmed":true,"spriteSourceSize":{"x":0,"y":7,"w":126,"h":121},"sourceSize":{"w":128,"h":128},"pivot":{"x":0.5,"y":0.5}},"mc_fx-explo2_012":{"frame":{"x":791,"y":1289,"w":127,"h":120},"rotated":false,"trimmed":true,"spriteSourceSize":{"x":0,"y":5,"w":127,"h":120},"sourceSize":{"w":128,"h":128},"pivot":{"x":0.5,"y":0.5}},"mc_fx-explo2_013":{"frame":{"x":353,"y":674,"w":128,"h":123},"rotated":true,"trimmed":true,"spriteSourceSize":{"x":0,"y":4,"w":128,"h":123},"sourceSize":{"w":128,"h":128},"pivot":{"x":0.5,"y":0.5}},"mc_fx-explo2_014":{"frame":{"x":663,"y":1179,"w":115,"h":125},"rotated":true,"trimmed":true,"spriteSourceSize":{"x":2,"y":3,"w":115,"h":125},"sourceSize":{"w":128,"h":128},"pivot":{"x":0.5,"y":0.5}},"mc_fx-explo2_015":{"frame":{"x":2,"y":1783,"w":109,"h":112},"rotated":true,"trimmed":true,"spriteSourceSize":{"x":2,"y":16,"w":109,"h":112},"sourceSize":{"w":128,"h":128},"pivot":{"x":0.5,"y":0.5}},"mc_fx-explo2_016":{"frame":{"x":219,"y":1870,"w":109,"h":104},"rotated":true,"trimmed":true,"spriteSourceSize":{"x":2,"y":16,"w":109,"h":104},"sourceSize":{"w":128,"h":128},"pivot":{"x":0.5,"y":0.5}},"mc_fx-explo2_017":{"frame":{"x":326,"y":1860,"w":109,"h":104},"rotated":true,"trimmed":true,"spriteSourceSize":{"x":2,"y":16,"w":109,"h":104},"sourceSize":{"w":128,"h":128},"pivot":{"x":0.5,"y":0.5}},"mc_fx-explo2_018":{"frame":{"x":433,"y":1858,"w":109,"h":104},"rotated":true,"trimmed":true,"spriteSourceSize":{"x":2,"y":16,"w":109,"h":104},"sourceSize":{"w":128,"h":128},"pivot":{"x":0.5,"y":0.5}},"mc_fx-explo2_019":{"frame":{"x":540,"y":1854,"w":109,"h":104},"rotated":true,"trimmed":true,"spriteSourceSize":{"x":2,"y":16,"w":109,"h":104},"sourceSize":{"w":128,"h":128},"pivot":{"x":0.5,"y":0.5}},"mc_fx-explo2_020":{"frame":{"x":781,"y":1630,"w":108,"h":104},"rotated":false,"trimmed":true,"spriteSourceSize":{"x":2,"y":15,"w":108,"h":104},"sourceSize":{"w":128,"h":128},"pivot":{"x":0.5,"y":0.5}},"mc_fx-explo2_021":{"frame":{"x":753,"y":1848,"w":107,"h":104},"rotated":true,"trimmed":true,"spriteSourceSize":{"x":3,"y":15,"w":107,"h":104},"sourceSize":{"w":128,"h":128},"pivot":{"x":0.5,"y":0.5}},"mc_fx-explo2_022":{"frame":{"x":846,"y":1737,"w":105,"h":103},"rotated":true,"trimmed":true,"spriteSourceSize":{"x":3,"y":14,"w":105,"h":103},"sourceSize":{"w":128,"h":128},"pivot":{"x":0.5,"y":0.5}},"mc_fx-explo2_023":{"frame":{"x":922,"y":1227,"w":102,"h":100},"rotated":true,"trimmed":true,"spriteSourceSize":{"x":4,"y":15,"w":102,"h":100},"sourceSize":{"w":128,"h":128},"pivot":{"x":0.5,"y":0.5}},"mc_fx-explo2_024":{"frame":{"x":932,"y":285,"w":96,"h":90},"rotated":true,"trimmed":true,"spriteSourceSize":{"x":7,"y":19,"w":96,"h":90},"sourceSize":{"w":128,"h":128},"pivot":{"x":0.5,"y":0.5}},"mc_fx-explo_0002":{"frame":{"x":287,"y":1982,"w":63,"h":73},"rotated":true,"trimmed":true,"spriteSourceSize":{"x":22,"y":38,"w":63,"h":73},"sourceSize":{"w":128,"h":128},"pivot":{"x":0.5,"y":0.5}},"mc_fx-explo_0003":{"frame":{"x":932,"y":180,"w":90,"h":102},"rotated":false,"trimmed":true,"spriteSourceSize":{"x":6,"y":23,"w":90,"h":102},"sourceSize":{"w":128,"h":128},"pivot":{"x":0.5,"y":0.5}},"mc_fx-explo_0004":{"frame":{"x":740,"y":1737,"w":103,"h":108},"rotated":false,"trimmed":true,"spriteSourceSize":{"x":1,"y":17,"w":103,"h":108},"sourceSize":{"w":128,"h":128},"pivot":{"x":0.5,"y":0.5}},"mc_fx-explo_0005":{"frame":{"x":123,"y":1756,"w":111,"h":112},"rotated":true,"trimmed":true,"spriteSourceSize":{"x":1,"y":13,"w":111,"h":112},"sourceSize":{"w":128,"h":128},"pivot":{"x":0.5,"y":0.5}},"mc_fx-explo_0006":{"frame":{"x":908,"y":1569,"w":112,"h":114},"rotated":true,"trimmed":true,"spriteSourceSize":{"x":0,"y":11,"w":112,"h":114},"sourceSize":{"w":128,"h":128},"pivot":{"x":0.5,"y":0.5}},"mc_fx-explo_0007":{"frame":{"x":173,"y":1426,"w":112,"h":116},"rotated":false,"trimmed":true,"spriteSourceSize":{"x":0,"y":11,"w":112,"h":116},"sourceSize":{"w":128,"h":128},"pivot":{"x":0.5,"y":0.5}},"mc_fx-explo_0008":{"frame":{"x":173,"y":1176,"w":112,"h":122},"rotated":false,"trimmed":true,"spriteSourceSize":{"x":0,"y":6,"w":112,"h":122},"sourceSize":{"w":128,"h":128},"pivot":{"x":0.5,"y":0.5}},"mc_fx-explo_0009":{"frame":{"x":2,"y":1556,"w":111,"h":122},"rotated":true,"trimmed":true,"spriteSourceSize":{"x":0,"y":5,"w":111,"h":122},"sourceSize":{"w":128,"h":128},"pivot":{"x":0.5,"y":0.5}},"mc_fx-explo_0010":{"frame":{"x":127,"y":1645,"w":108,"h":120},"rotated":true,"trimmed":true,"spriteSourceSize":{"x":0,"y":8,"w":108,"h":120},"sourceSize":{"w":128,"h":128},"pivot":{"x":0.5,"y":0.5}},"mc_fx-explo_0011":{"frame":{"x":173,"y":1301,"w":112,"h":122},"rotated":false,"trimmed":true,"spriteSourceSize":{"x":0,"y":6,"w":112,"h":122},"sourceSize":{"w":128,"h":128},"pivot":{"x":0.5,"y":0.5}},"mc_fx-explo_0012":{"frame":{"x":353,"y":805,"w":116,"h":123},"rotated":true,"trimmed":true,"spriteSourceSize":{"x":0,"y":5,"w":116,"h":123},"sourceSize":{"w":128,"h":128},"pivot":{"x":0.5,"y":0.5}},"mc_fx-explo_0013":{"frame":{"x":474,"y":1582,"w":117,"h":122},"rotated":true,"trimmed":true,"spriteSourceSize":{"x":0,"y":4,"w":117,"h":122},"sourceSize":{"w":128,"h":128},"pivot":{"x":0.5,"y":0.5}},"mc_fx-explo_0014":{"frame":{"x":353,"y":924,"w":105,"h":123},"rotated":true,"trimmed":true,"spriteSourceSize":{"x":0,"y":3,"w":105,"h":123},"sourceSize":{"w":128,"h":128},"pivot":{"x":0.5,"y":0.5}},"mc_fx-explo_0015":{"frame":{"x":781,"y":1521,"w":106,"h":124},"rotated":true,"trimmed":true,"spriteSourceSize":{"x":0,"y":3,"w":106,"h":124},"sourceSize":{"w":128,"h":128},"pivot":{"x":0.5,"y":0.5}},"mc_fx-explo_0016":{"frame":{"x":788,"y":1412,"w":106,"h":126},"rotated":true,"trimmed":true,"spriteSourceSize":{"x":0,"y":2,"w":106,"h":126},"sourceSize":{"w":128,"h":128},"pivot":{"x":0.5,"y":0.5}},"mc_fx-explo_0017":{"frame":{"x":917,"y":1440,"w":105,"h":126},"rotated":false,"trimmed":true,"spriteSourceSize":{"x":0,"y":2,"w":105,"h":126},"sourceSize":{"w":128,"h":128},"pivot":{"x":0.5,"y":0.5}},"mc_fx-explo_0018":{"frame":{"x":150,"y":1545,"w":97,"h":124},"rotated":true,"trimmed":true,"spriteSourceSize":{"x":0,"y":4,"w":97,"h":124},"sourceSize":{"w":128,"h":128},"pivot":{"x":0.5,"y":0.5}},"mc_fx-explo_0019":{"frame":{"x":931,"y":568,"w":91,"h":106},"rotated":false,"trimmed":true,"spriteSourceSize":{"x":6,"y":21,"w":91,"h":106},"sourceSize":{"w":128,"h":128},"pivot":{"x":0.5,"y":0.5}},"mc_fx-explo_0020":{"frame":{"x":761,"y":1958,"w":87,"h":91},"rotated":true,"trimmed":true,"spriteSourceSize":{"x":10,"y":21,"w":87,"h":91},"sourceSize":{"w":128,"h":128},"pivot":{"x":0.5,"y":0.5}},"mc_fx-impact_01":{"frame":{"x":2,"y":1326,"w":149,"h":79},"rotated":false,"trimmed":true,"spriteSourceSize":{"x":0,"y":2,"w":149,"h":79},"sourceSize":{"w":149,"h":82},"pivot":{"x":0.5,"y":0.5}},"mc_fx-impact_02":{"frame":{"x":615,"y":1543,"w":136,"h":82},"rotated":false,"trimmed":true,"spriteSourceSize":{"x":2,"y":0,"w":136,"h":82},"sourceSize":{"w":149,"h":82},"pivot":{"x":0.5,"y":0.5}},"mc_fx-impact_03":{"frame":{"x":476,"y":1420,"w":142,"h":79},"rotated":false,"trimmed":true,"spriteSourceSize":{"x":2,"y":0,"w":142,"h":79},"sourceSize":{"w":149,"h":82},"pivot":{"x":0.5,"y":0.5}}},"meta":{"app":"https://www.codeandweb.com/texturepacker","version":"1.0","image":"revoltfx-spritesheet.png","format":"RGBA8888","size":{"w":1024,"h":2048},"scale":"1","smartupdate":"$TexturePacker:SmartUpdate:27f9ecda97b800820eafaaf03cd5f138:af7c7a302184d8cfdf9475342325d2e0:5252c097955c428b756dfc627b51ea1b$"}}